first_name,last_name,email,document
Esmaria,Bollon,ebollon0@yellowbook.com,550155707
Rossie,Yurenin,ryurenin1@noaa.gov,213161397
Katine,D'Aguanno,kdaguanno2@webs.com,83096015
Martyn,Sket,msket3@patch.com,592234557
Dawna,Sambrook,dsambrook4@webnode.com,13445782
Isaak,Berrane,iberrane5@cisco.com,991908371
Lucias,Coggill,lcoggill6@godaddy.com,285267113
Silvia,Goodred,sgoodred7@umn.edu,372166872
Kathlin,Lacaze,klacaze8@columbia.edu,423351468
Corty,Lamonby,clamonby9@usa.gov,934723218
Ximenes,Paddeley,xpaddeleya@liveinternet.ru,860456032
Gerald,Beetlestone,gbeetlestoneb@hud.gov,54412466
Lyndsay,Slogrove,lslogrovec@utexas.edu,350259094
Astra,Rossiter,arossiterd@princeton.edu,943887207
Corey,Laye,clayee@prlog.org,912054686
Genna,Simmen,gsimmenf@java.com,638227598
Rowan,Diprose,rdiproseg@is.gd,122813382
Fin,McEnhill,fmcenhillh@ustream.tv,265616826
Arleyne,Jordan,ajordani@about.com,257596177
Stanley,Catherall,scatherallj@marketwatch.com,703007204
Teirtza,Rickaby,trickabyk@virginia.edu,280245503
Demetria,Sowray,dsowrayl@fema.gov,148153665
Aldridge,Sitlinton,asitlintonm@deliciousdays.com,469631732
Glenine,Lutas,glutasn@huffingtonpost.com,11048271
Newton,Swaby,nswabyo@cbc.ca,230991016
Mignonne,Wheelton,mwheeltonp@yahoo.com,466601477
Beverie,Arthurs,barthursq@trellian.com,954320626
Joscelin,Willgress,jwillgressr@goo.gl,983852771
Marthe,Critchard,mcritchards@youku.com,656010537
Brockie,Bellsham,bbellshamt@berkeley.edu,856263574
Alford,Hallen,ahallenu@reddit.com,421098226
Catrina,Benesevich,cbenesevichv@illinois.edu,776423643
Mordecai,Illston,millstonw@hatena.ne.jp,811561394
Aviva,Schoffel,aschoffelx@blogs.com,619631077
Nesta,Cullotey,nculloteyy@illinois.edu,93399869
Yorgos,Badsworth,ybadsworthz@usgs.gov,782937018
Gussi,Woolf,gwoolf10@stanford.edu,87457638
Ilse,Crebbin,icrebbin11@columbia.edu,561337275
Herculie,Drury,hdrury12@abc.net.au,972202823
Dale,Deary,ddeary13@eventbrite.com,826912376
Stefan,Vallintine,svallintine14@bbc.co.uk,313971484
Martynne,Dendon,mdendon15@utexas.edu,499134820
Trever,Husband,thusband16@odnoklassniki.ru,905129147
Ernaline,Colbourne,ecolbourne17@360.cn,782051948
Heath,Worshall,hworshall18@wufoo.com,494660953
Tildy,Trusslove,ttrusslove19@drupal.org,128347532
Danita,Oke,doke1a@phoca.cz,488253094
Swen,Bragge,sbragge1b@nymag.com,410378441
Parker,Flaunders,pflaunders1c@desdev.cn,816174743
Cull,Gilgryst,cgilgryst1d@foxnews.com,582041669
Tiena,Sibary,tsibary1e@simplemachines.org,910393321
Lily,Menpes,lmenpes1f@uiuc.edu,979126672
Aridatha,MacMillan,amacmillan1g@seesaa.net,378314239
Wolf,Rosenbush,wrosenbush1h@smh.com.au,801604659
Barny,Niset,bniset1i@rambler.ru,728980770
Elvina,Chomiszewski,echomiszewski1j@altervista.org,421793814
Cherice,Gatty,cgatty1k@ucoz.ru,627318018
Levon,Glowach,lglowach1l@myspace.com,435609971
Robena,Iacomo,riacomo1m@creativecommons.org,349316155
Hatty,Maharg,hmaharg1n@instagram.com,455872427
Noah,Harriday,nharriday1o@fc2.com,423923580
Domenico,Hattam,dhattam1p@sphinn.com,146273696
Leilah,Iaduccelli,liaduccelli1q@blinklist.com,815879230
Bell,Jean,bjean1r@privacy.gov.au,667054928
Christie,Bittleson,cbittleson1s@pen.io,642201412
Bartolomeo,Llewellyn,bllewellyn1t@pagesperso-orange.fr,515788558
Salvador,Hallad,shallad1u@harvard.edu,931710049
Robbi,Mound,rmound1v@parallels.com,437621323
Titos,Delacourt,tdelacourt1w@paginegialle.it,542180355
Amara,Cockshtt,acockshtt1x@wiley.com,733691823
Alyosha,Van Salzberger,avansalzberger1y@1688.com,782070640
Isacco,Gerretsen,igerretsen1z@go.com,690322691
Philly,Shaylor,pshaylor20@washingtonpost.com,824354494
Packston,Haughey,phaughey21@google.it,489468216
Wilfred,Inkpen,winkpen22@wunderground.com,601788849
Leif,Quinnell,lquinnell23@tmall.com,168313166
Loy,Fowley,lfowley24@posterous.com,50781403
Patti,Gantzman,pgantzman25@jigsy.com,834274781
Alverta,Castree,acastree26@cam.ac.uk,848534585
Albertina,Koop,akoop27@marketwatch.com,855947235
Alasteir,McCullough,amccullough28@wunderground.com,558050709
Hewe,Gary,hgary29@sbwire.com,990539842
Atalanta,Smithson,asmithson2a@gov.uk,519163844
Willy,Dreier,wdreier2b@free.fr,239790641
Nicholas,Bordes,nbordes2c@livejournal.com,453643997
Ysabel,Rubes,yrubes2d@histats.com,67897519
Armin,Izzat,aizzat2e@homestead.com,420745627
Sonia,Tomaskunas,stomaskunas2f@baidu.com,72000581
Ardisj,Stefi,astefi2g@ycombinator.com,960004956
Sander,Augustine,saugustine2h@umn.edu,517397305
Emelda,Argabrite,eargabrite2i@mapquest.com,979130521
Patrick,Apfler,papfler2j@rakuten.co.jp,746538634
Candice,Oleszczak,coleszczak2k@google.de,272142709
Rhys,Wigzell,rwigzell2l@ameblo.jp,727875701
Roxie,Dagnall,rdagnall2m@bigcartel.com,471668493
Orelia,Duddell,oduddell2n@edublogs.org,27334606
Benton,Board,bboard2o@craigslist.org,363781357
Nannette,Shemming,nshemming2p@boston.com,649205891
Bax,Maron,bmaron2q@businessinsider.com,289812972
Abbi,Lidgate,alidgate2r@so-net.ne.jp,120787329
